{"cameraMode":{"drawMode":0,"name":"Shaded","section":"Shading Mode"},"sceneLighting":false,"audioPlay":false,"sceneViewState":{"m_AlwaysRefresh":false,"showFog":true,"showSkybox":false,"showFlares":true,"showImageEffects":true,"showParticleSystems":true,"showVisualEffectGraphs":true,"m_FxEnabled":true},"in2DMode":false,"pivot":{"x":-5.644648551940918,"y":0.22263479232788087,"z":6.712259769439697},"rotation":{"x":0.02552621252834797,"y":-0.9635226726531982,"z":0.09949550777673722,"w":0.24716828763484956},"size":0.7833353281021118,"orthographic":false}