{"cameraMode":{"drawMode":0,"name":"Shaded","section":"Shading Mode"},"sceneLighting":false,"audioPlay":false,"sceneViewState":{"m_AlwaysRefresh":false,"showFog":true,"showSkybox":false,"showFlares":true,"showImageEffects":true,"showParticleSystems":true,"showVisualEffectGraphs":true,"m_FxEnabled":true},"in2DMode":false,"pivot":{"x":-6.232999801635742,"y":0.32580792903900149,"z":7.0262603759765629},"rotation":{"x":-0.24141405522823335,"y":-0.02416827902197838,"z":0.0060124024748802189,"w":-0.9701084494590759},"size":9.301791191101075,"orthographic":false}