{"cameraMode":{"drawMode":0,"name":"Shaded","section":"Shading Mode"},"sceneLighting":true,"audioPlay":false,"sceneViewState":{"m_AlwaysRefresh":false,"showFog":true,"showSkybox":true,"showFlares":true,"showImageEffects":true,"showParticleSystems":true,"showVisualEffectGraphs":true,"m_FxEnabled":true},"in2DMode":false,"pivot":{"x":16.437223434448243,"y":2.087972640991211,"z":6.440001010894775},"rotation":{"x":0.02140277996659279,"y":0.9219858646392822,"z":-0.38319599628448489,"w":0.05149731785058975},"size":15.160167694091797,"orthographic":false}