{"cameraMode":{"drawMode":0,"name":"Shaded","section":"Shading Mode"},"sceneLighting":true,"audioPlay":false,"sceneViewState":{"m_AlwaysRefresh":false,"showFog":true,"showSkybox":true,"showFlares":true,"showImageEffects":true,"showParticleSystems":true,"showVisualEffectGraphs":true,"m_FxEnabled":true},"in2DMode":false,"pivot":{"x":17.036725997924806,"y":1.1252450942993165,"z":5.852663516998291},"rotation":{"x":0.027312282472848893,"y":0.8897704482078552,"z":-0.4524189531803131,"w":0.053715385496616366},"size":21.85772132873535,"orthographic":false}